,Player,Matches,Points,Runs,100s,50s,6s,Wickets,4w,5w
0,Andre Russell,13,312.0,326.0,0.0,3.0,19.0,14.0,0.0,0.0
1,Dwayne Bravo,17,284.0,195.0,0.0,1.0,5.0,26.0,0.0,0.0
2,David Warner,14,256.0,562.0,0.0,7.0,21.0,0.0,0.0,0.0
3,Ashish Nehra,16,254.5,0.0,0.0,0.0,0.0,22.0,1.0,0.0
4,AB de Villiers,16,247.0,513.0,1.0,2.0,22.0,0.0,0.0,0.0
5,Harbhajan Singh,15,241.5,117.0,0.0,1.0,9.0,18.0,0.0,0.0
6,Chris Gayle,14,236.0,491.0,1.0,2.0,38.0,0.0,0.0,0.0
7,Lasith Malinga,15,231.5,0.0,0.0,0.0,0.0,24.0,1.0,0.0
8,Lendl Simmons,13,228.5,540.0,0.0,6.0,21.0,0.0,0.0,0.0
9,Shane Watson,10,227.0,347.0,1.0,1.0,14.0,6.0,0.0,0.0
10,JP Duminy,14,218.5,414.0,0.0,4.0,20.0,8.0,1.0,0.0
11,Dwayne Smith,16,216.0,399.0,0.0,2.0,16.0,1.0,0.0,0.0
12,Kieron Pollard,16,215.0,419.0,0.0,2.0,28.0,3.0,0.0,0.0
13,Brendon McCullum,14,213.0,436.0,1.0,2.0,23.0,0.0,0.0,0.0
14,Bhuvneshwar Kumar,14,210.0,17.0,0.0,0.0,1.0,18.0,0.0,0.0
15,Axar Patel,14,206.5,206.0,0.0,0.0,8.0,13.0,0.0,0.0
16,Sandeep Sharma,14,195.0,0.0,0.0,0.0,0.0,13.0,1.0,0.0
17,Mitchell Starc,13,195.0,11.0,0.0,0.0,0.0,20.0,1.0,0.0
18,Mohit Sharma,16,192.0,28.0,0.0,0.0,2.0,14.0,0.0,0.0
19,Suresh Raina,17,192.0,374.0,0.0,2.0,16.0,2.0,0.0,0.0
20,Chris Morris,11,191.0,76.0,0.0,0.0,5.0,13.0,1.0,0.0
21,Moises Henriques,9,191.0,287.0,0.0,2.0,13.0,11.0,0.0,0.0
22,Nathan Coulter-Nile,11,190.5,20.0,0.0,0.0,1.0,15.0,1.0,0.0
23,Rohit Sharma,16,188.5,482.0,0.0,3.0,21.0,0.0,0.0,0.0
24,Mitchell McClenaghan,12,188.0,13.0,0.0,0.0,2.0,18.0,0.0,0.0
25,Virat Kohli,16,187.5,505.0,0.0,3.0,23.0,0.0,0.0,0.0
26,Ajinkya Rahane,14,185.5,540.0,0.0,4.0,13.0,0.0,0.0,0.0
27,David Wiese,14,185.5,122.0,0.0,0.0,4.0,16.0,1.0,0.0
28,Ravindra Jadeja,17,183.0,132.0,0.0,0.0,3.0,11.0,1.0,0.0
29,Shreyas Iyer,14,181.0,439.0,0.0,4.0,21.0,0.0,0.0,0.0
30,Yuzvendra Chahal,15,180.5,0.0,0.0,0.0,0.0,23.0,0.0,0.0
31,Ravichandran Ashwin,14,175.0,52.0,0.0,0.0,1.0,10.0,0.0,0.0
32,James Faulkner,13,173.5,144.0,0.0,0.0,5.0,8.0,0.0,0.0
33,Harshal Patel,15,172.0,19.0,0.0,0.0,2.0,17.0,0.0,0.0
34,Anureet Singh,14,171.0,18.0,0.0,0.0,1.0,15.0,0.0,0.0
35,Parthiv Patel,14,160.0,339.0,0.0,2.0,5.0,0.0,0.0,0.0
36,Robin Uthappa,13,159.5,364.0,0.0,1.0,7.0,0.0,0.0,0.0
37,Umesh Yadav,12,155.5,29.0,0.0,0.0,1.0,10.0,0.0,0.0
38,MS Dhoni,17,154.5,372.0,0.0,1.0,17.0,0.0,0.0,0.0
39,Dhawal Kulkarni,11,153.0,0.0,0.0,0.0,0.0,13.0,0.0,0.0
40,Angelo Mathews,11,149.0,144.0,0.0,0.0,6.0,7.0,0.0,0.0
41,Shikhar Dhawan,14,148.5,353.0,0.0,3.0,6.0,0.0,0.0,0.0
42,David Miller,13,143.5,357.0,0.0,2.0,21.0,0.0,0.0,0.0
43,Jagadeesha Suchith,13,142.0,48.0,0.0,0.0,2.0,10.0,0.0,0.0
44,Yusuf Pathan,13,141.0,312.0,0.0,1.0,12.0,2.0,0.0,0.0
45,Karn Sharma,14,138.5,104.0,0.0,0.0,6.0,10.0,0.0,0.0
46,Ishwar Pandey,10,136.5,0.0,0.0,0.0,0.0,11.0,0.0,0.0
47,Vinay Kumar,13,132.5,0.0,0.0,0.0,0.0,7.0,0.0,0.0
48,Faf du Plessis,17,130.0,380.0,0.0,1.0,5.0,0.0,0.0,0.0
49,Piyush Chawla,13,128.0,54.0,0.0,0.0,2.0,11.0,1.0,0.0
50,Mitchell Johnson,9,127.5,31.0,0.0,0.0,1.0,9.0,0.0,0.0
51,Pawan Negi,10,126.5,116.0,0.0,0.0,5.0,6.0,0.0,0.0
52,Imran Tahir,10,124.0,0.0,0.0,0.0,0.0,15.0,1.0,0.0
53,Gautam Gambhir,13,124.0,327.0,0.0,3.0,4.0,0.0,0.0,0.0
54,Ambati Rayudu,15,123.5,281.0,0.0,1.0,16.0,0.0,0.0,0.0
55,Morne Morkel,7,113.5,0.0,0.0,0.0,0.0,10.0,0.0,0.0
56,Yuvraj Singh,14,112.0,248.0,0.0,2.0,10.0,1.0,0.0,0.0
57,Amit Mishra,12,111.5,0.0,0.0,0.0,0.0,9.0,0.0,0.0
58,Steve Smith,14,110.5,293.0,0.0,2.0,3.0,0.0,0.0,0.0
59,Wriddhiman Saha,14,110.0,249.0,0.0,0.0,10.0,0.0,0.0,0.0
60,Murali Vijay,11,109.5,251.0,0.0,0.0,8.0,0.0,0.0,0.0
61,Trent Boult,7,107.5,0.0,0.0,0.0,0.0,9.0,0.0,0.0
62,Praveen Kumar,12,105.5,17.0,0.0,0.0,0.0,7.0,0.0,0.0
63,Stuart Binny,13,103.5,74.0,0.0,0.0,1.0,4.0,0.0,0.0
64,Sunil Narine,8,101.0,0.0,0.0,0.0,0.0,7.0,1.0,0.0
65,Tim Southee,7,99.5,13.0,0.0,0.0,0.0,6.0,0.0,0.0
66,Ravi Bopara,9,99.0,145.0,0.0,0.0,6.0,6.0,0.0,0.0
67,Hardik Pandya,9,98.0,112.0,0.0,1.0,8.0,1.0,0.0,0.0
68,Zaheer Khan,7,97.5,0.0,0.0,0.0,0.0,7.0,0.0,0.0
69,Dinesh Karthik,16,96.5,141.0,0.0,0.0,4.0,0.0,0.0,0.0
70,Pravin Tambe,10,96.0,0.0,0.0,0.0,0.0,7.0,0.0,0.0
71,Manish Pandey,13,92.0,225.0,0.0,0.0,7.0,0.0,0.0,0.0
72,Glenn Maxwell,11,91.5,145.0,0.0,0.0,8.0,2.0,0.0,0.0
73,Sanju Samson,14,90.5,204.0,0.0,1.0,8.0,0.0,0.0,0.0
74,Mayank Agarwal,10,89.5,213.0,0.0,2.0,7.0,0.0,0.0,0.0
75,Kedar Jadhav,14,84.5,189.0,0.0,1.0,7.0,0.0,0.0,0.0
76,Deepak Hooda,14,84.5,151.0,0.0,1.0,11.0,1.0,0.0,0.0
77,George Bailey,13,82.0,259.0,0.0,2.0,7.0,0.0,0.0,0.0
78,Brad Hogg,6,81.5,0.0,0.0,0.0,0.0,9.0,1.0,0.0
79,Mandeep Singh,14,81.0,157.0,0.0,1.0,6.0,0.0,0.0,0.0
80,Eoin Morgan,9,78.5,187.0,0.0,1.0,11.0,0.0,0.0,0.0
81,Sreenath Arvind,5,77.5,0.0,0.0,0.0,0.0,8.0,1.0,0.0
82,Suryakumar Yadav,13,75.5,157.0,0.0,0.0,8.0,0.0,0.0,0.0
83,Iqbal Abdulla,5,72.5,20.0,0.0,0.0,0.0,4.0,0.0,0.0
84,Karun Nair,14,70.0,181.0,0.0,1.0,5.0,0.0,0.0,0.0
85,Albie Morkel,4,64.5,86.0,0.0,1.0,2.0,3.0,0.0,0.0
86,Corey Anderson,4,64.5,114.0,0.0,2.0,6.0,1.0,0.0,0.0
87,Naman Ojha,14,61.5,137.0,0.0,0.0,4.0,0.0,0.0,0.0
88,Dale Steyn,6,61.0,20.0,0.0,0.0,0.0,3.0,0.0,0.0
89,Shakib Al Hasan,4,60.5,36.0,0.0,0.0,0.0,4.0,0.0,0.0
90,Varun Aaron,6,60.5,0.0,0.0,0.0,0.0,3.0,0.0,0.0
91,Quinton de Kock,3,59.0,122.0,0.0,2.0,4.0,0.0,0.0,0.0
92,Domnic Joseph,6,58.0,0.0,0.0,0.0,0.0,4.0,0.0,0.0
93,Saurabh Tiwary,7,52.5,109.0,0.0,0.0,5.0,0.0,0.0,0.0
94,Beuran Hendricks,4,49.5,0.0,0.0,0.0,0.0,5.0,0.0,0.0
95,Johan Botha,4,48.5,31.0,0.0,0.0,1.0,1.0,0.0,0.0
96,Unmukt Chand,6,47.0,102.0,0.0,1.0,2.0,0.0,0.0,0.0
97,Ankit Sharma,4,47.0,0.0,0.0,0.0,0.0,3.0,0.0,0.0
98,Ashish Reddy,6,47.0,73.0,0.0,0.0,5.0,3.0,0.0,0.0
99,Gurkeerat Mann Singh,5,43.0,35.0,0.0,0.0,1.0,3.0,0.0,0.0
100,Virender Sehwag,8,40.5,99.0,0.0,0.0,3.0,0.0,0.0,0.0
101,Lokesh Rahul,9,40.0,142.0,0.0,0.0,5.0,0.0,0.0,0.0
102,Sarfaraz Khan,13,37.0,111.0,0.0,0.0,2.0,0.0,0.0,0.0
103,Rishi Dhawan,5,35.5,36.0,0.0,0.0,2.0,1.0,0.0,0.0
104,Jasprit Bumrah,4,34.5,0.0,0.0,0.0,0.0,3.0,0.0,0.0
105,Abu Nechim,3,34.5,10.0,0.0,0.0,0.0,1.0,0.0,0.0
106,Ishant Sharma,4,33.5,0.0,0.0,0.0,0.0,1.0,0.0,0.0
107,Manan Vohra,7,32.5,82.0,0.0,0.0,5.0,0.0,0.0,0.0
108,Jayant Yadav,3,30.5,0.0,0.0,0.0,0.0,2.0,0.0,0.0
109,Karanveer Singh,4,30.5,11.0,0.0,0.0,0.0,1.0,0.0,0.0
110,Manoj Tiwary,5,28.5,57.0,0.0,0.0,1.0,0.0,0.0,0.0
111,Shahbaz Nadeem,4,28.5,0.0,0.0,0.0,0.0,0.0,0.0,0.0
112,Shaun Marsh,4,28.0,81.0,0.0,1.0,3.0,0.0,0.0,0.0
113,Pat Cummins,3,28.0,0.0,0.0,0.0,0.0,1.0,0.0,0.0
114,Bipul Sharma,4,27.5,0.0,0.0,0.0,0.0,3.0,0.0,0.0
115,Ryan ten Doeschate,6,26.0,61.0,0.0,0.0,3.0,0.0,0.0,0.0
116,Michael Hussey,4,25.5,77.0,0.0,1.0,3.0,0.0,0.0,0.0
117,Manvinder Bisla,2,21.0,37.0,0.0,0.0,1.0,0.0,0.0,0.0
118,Hanuma Vihari,5,20.0,39.0,0.0,0.0,0.0,0.0,0.0,0.0
119,Pawan Suyal,3,19.0,0.0,0.0,0.0,0.0,0.0,0.0,0.0
120,Thisara Perera,2,16.0,12.0,0.0,0.0,1.0,1.0,0.0,0.0
121,Parveez Rasool,2,15.5,0.0,0.0,0.0,0.0,1.0,0.0,0.0
122,Marchant de Lange,1,15.0,0.0,0.0,0.0,0.0,0.0,0.0,0.0
123,Gurinder Sandhu,3,12.5,0.0,0.0,0.0,0.0,1.0,0.0,0.0
124,Sean Abbott,2,12.0,15.0,0.0,0.0,1.0,0.0,0.0,0.0
125,Shardul Thakur,1,11.0,0.0,0.0,0.0,0.0,1.0,0.0,0.0
126,Rilee Rossouw,2,11.0,14.0,0.0,0.0,1.0,0.0,0.0,0.0
127,Kane Williamson,2,11.0,31.0,0.0,0.0,1.0,0.0,0.0,0.0
128,Ronit More,2,10.0,0.0,0.0,0.0,0.0,1.0,0.0,0.0
129,Aaron Finch,3,10.0,23.0,0.0,0.0,0.0,0.0,0.0,0.0
130,Rahul Tewatia,1,9.5,0.0,0.0,0.0,0.0,1.0,0.0,0.0
131,Azhar Mahmood,1,7.5,0.0,0.0,0.0,0.0,0.0,0.0,0.0
132,Juan Theron,1,7.5,0.0,0.0,0.0,0.0,1.0,0.0,0.0
133,Jaydev Unadkat,1,7.0,0.0,0.0,0.0,0.0,0.0,0.0,0.0
134,Rajat Bhatia,2,7.0,0.0,0.0,0.0,0.0,0.0,0.0,0.0
135,Shivam Sharma,1,6.5,0.0,0.0,0.0,0.0,1.0,0.0,0.0
136,KC Cariappa,1,6.5,0.0,0.0,0.0,0.0,1.0,0.0,0.0
137,Ashok Dinda,2,6.5,0.0,0.0,0.0,0.0,0.0,0.0,0.0
138,Shreyas Gopal,1,5.5,0.0,0.0,0.0,0.0,1.0,0.0,0.0
139,Aditya Tare,2,5.0,14.0,0.0,0.0,0.0,0.0,0.0,0.0
140,Barinder Sran,1,5.0,0.0,0.0,0.0,0.0,0.0,0.0,0.0
141,Darren Sammy,2,4.5,13.0,0.0,0.0,0.0,0.0,0.0,0.0
142,CM Gautam,1,2.5,0.0,0.0,0.0,0.0,0.0,0.0,0.0
143,Nic Maddinson,1,2.5,0.0,0.0,0.0,0.0,0.0,0.0,0.0
144,Pragyan Ojha,1,1.0,0.0,0.0,0.0,0.0,0.0,0.0,0.0
